402880565348925440,marthachavezk36,-12.04657134,-77.0225631,2013-11-19 02:26:26 PM
402834132155523072,marthachavezk36,-12.04764503,-77.02526991,2013-11-19 11:21:56 AM
402833416598847488,marthachavezk36,-12.04726132,-77.02483803,2013-11-19 11:19:05 AM
402832800040386561,marthachavezk36,-12.04726806,-77.02483694,2013-11-19 11:16:38 AM
402832444153663488,marthachavezk36,-12.04762993,-77.02528823,2013-11-19 11:15:13 AM
402823896531206144,marthachavezk36,-12.04769048,-77.02516652,2013-11-19 10:41:15 AM
402823196631900160,marthachavezk36,-12.04768986,-77.02516548,2013-11-19 10:38:28 AM
402822945904795648,marthachavezk36,-12.0476786,-77.02520107,2013-11-19 10:37:29 AM
402822236538941440,marthachavezk36,-12.04768727,-77.02516394,2013-11-19 10:34:39 AM
402821020836696064,marthachavezk36,-12.04768065,-77.02511961,2013-11-19 10:29:50 AM
402643001153179648,marthachavezk36,-12.09458034,-77.00490277,2013-11-18 10:42:26 PM
402600574476353536,marthachavezk36,-12.09653375,-77.00158831,2013-11-18 07:53:51 PM
402600021667115008,marthachavezk36,-12.09261944,-76.99505017,2013-11-18 07:51:39 PM
402562706622140416,marthachavezk36,-12.09584964,-77.00021726,2013-11-18 05:23:23 PM
402557193998049280,marthachavezk36,-12.09587992,-77.00025885,2013-11-18 05:01:28 PM
402556886329085953,marthachavezk36,-12.09597396,-77.0002217,2013-11-18 05:00:15 PM
402556495663235072,marthachavezk36,-12.09588072,-77.00028749,2013-11-18 04:58:42 PM
402546185485156352,marthachavezk36,-12.09596773,-77.00021277,2013-11-18 04:17:44 PM
402545886347423744,marthachavezk36,-12.09595702,-77.00019758,2013-11-18 04:16:32 PM
402521088451936256,marthachavezk36,-12.09582028,-77.00042666,2013-11-18 02:38:00 PM
402505044891025408,marthachavezk36,-12.09476162,-76.99972968,2013-11-18 01:34:15 PM
402504354059784193,marthachavezk36,-12.08845271,-76.9957566,2013-11-18 01:31:30 PM
402484210306670592,marthachavezk36,-12.08807666,-76.99634492,2013-11-18 12:11:28 PM
402483473010937857,marthachavezk36,-12.08798182,-76.99634173,2013-11-18 12:08:32 PM
402450911223885824,marthachavezk36,-12.08824149,-76.99612155,2013-11-18 09:59:09 AM
402253295177068544,marthachavezk36,-12.09585154,-77.00015601,2013-11-17 08:53:53 PM
402250383458045952,marthachavezk36,-12.09587325,-77.00018853,2013-11-17 08:42:19 PM
402248366220144640,marthachavezk36,-12.09579136,-77.00034678,2013-11-17 08:34:18 PM
402230776974295040,marthachavezk36,-12.09599683,-77.00029757,2013-11-17 07:24:24 PM
402230371485773824,marthachavezk36,-12.09598733,-77.00028372,2013-11-17 07:22:48 PM
402207995167514625,marthachavezk36,-12.09589056,-77.00024025,2013-11-17 05:53:53 PM
401811587201126401,marthachavezk36,-12.09583627,-76.99993846,2013-11-16 03:38:42 PM
401811435820699648,marthachavezk36,-12.09579191,-77.0000975,2013-11-16 03:38:06 PM
401810867844841472,marthachavezk36,-12.09588966,-77.0001759,2013-11-16 03:35:50 PM
401421082319925248,marthachavezk36,-12.08985802,-77.00337851,2013-11-15 01:46:58 PM
401421059523887104,marthachavezk36,-12.09457864,-77.00268911,2013-11-15 01:46:53 PM
401398757029597184,marthachavezk36,-12.09573977,-77.00025869,2013-11-15 12:18:15 PM
401398654290124800,marthachavezk36,-12.09574174,-77.0001913,2013-11-15 12:17:51 PM
401398576632565760,marthachavezk36,-12.09349811,-76.99667013,2013-11-15 12:17:32 PM
401397020625489920,marthachavezk36,-12.09597405,-77.00022155,2013-11-15 12:11:21 PM
401395893607616512,marthachavezk36,-12.09596908,-77.00025896,2013-11-15 12:06:53 PM
401395136418287616,marthachavezk36,-12.09566432,-76.99994536,2013-11-15 12:03:52 PM
401391824243535872,marthachavezk36,-12.09361798,-76.9966905,2013-11-15 11:50:43 AM
401386915154653184,marthachavezk36,-12.09449059,-76.99847661,2013-11-15 11:31:12 AM
401383264021405697,marthachavezk36,-12.09573173,-77.00015819,2013-11-15 11:16:42 AM
401382799841955840,marthachavezk36,-12.09562104,-76.99998921,2013-11-15 11:14:51 AM
401376394535788545,marthachavezk36,-12.09360507,-76.99672535,2013-11-15 10:49:24 AM
401373483374247936,marthachavezk36,-12.09603013,-77.00025098,2013-11-15 10:37:50 AM
401373420375777280,marthachavezk36,-12.09357883,-76.99663294,2013-11-15 10:37:35 AM
401372807634100224,marthachavezk36,-12.09601811,-77.00032797,2013-11-15 10:35:09 AM
401371843757887488,marthachavezk36,-12.09654221,-77.00089526,2013-11-15 10:31:19 AM
401196440078536704,marthachavezk36,-12.09549669,-77.00721853,2013-11-14 10:54:19 PM
401195933826027520,marthachavezk36,-12.0918131,-77.01384114,2013-11-14 10:52:19 PM
401194449336037376,marthachavezk36,-12.08236072,-77.02664562,2013-11-14 10:46:25 PM
401080796276355072,marthachavezk36,-12.04754973,-77.02505338,2013-11-14 03:14:48 PM
401079352164483072,marthachavezk36,-12.04765112,-77.02525411,2013-11-14 03:09:03 PM
401072334884593664,marthachavezk36,-12.04752349,-77.02526564,2013-11-14 02:41:10 PM
401070869000495104,marthachavezk36,-12.0475787,-77.02500919,2013-11-14 02:35:21 PM
401051449997946880,marthachavezk36,-12.04767133,-77.02518063,2013-11-14 01:18:11 PM
400825121369501696,marthachavezk36,-12.09634721,-77.00012969,2013-11-13 10:18:50 PM
400820264239628288,marthachavezk36,-12.10364977,-77.01465018,2013-11-13 09:59:32 PM
400792805901369344,marthachavezk36,-12.10850868,-77.04171105,2013-11-13 08:10:25 PM
400792627572133888,marthachavezk36,-12.11138887,-77.03688365,2013-11-13 08:09:43 PM
400790653871063040,marthachavezk36,-12.10942558,-77.03619853,2013-11-13 08:01:52 PM
400642282829119488,marthachavezk36,-12.08805237,-76.99631709,2013-11-13 10:12:18 AM
400641957183361025,marthachavezk36,-12.08800657,-76.99636622,2013-11-13 10:11:00 AM
398931713923223552,marthachavezk36,-12.0914544,-77.01397257,2013-11-08 04:55:07 PM
398931580976381952,marthachavezk36,-12.09157005,-77.01397004,2013-11-08 04:54:35 PM
398927316312915968,marthachavezk36,-12.05860804,-77.03613199,2013-11-08 04:37:38 PM
398926766670368768,marthachavezk36,-12.0539906,-77.03621339,2013-11-08 04:35:27 PM
397781537670049792,marthachavezk36,-12.08417303,-77.0052353,2013-11-05 12:44:43 PM
397781537670049792,marthachavezk36,-12.08417303,-77.0052353,2013-11-05 12:44:43 PM
397780452272275456,marthachavezk36,-12.08450999,-77.00403918,2013-11-05 12:40:24 PM
397779441973465089,marthachavezk36,-12.09546447,-76.99978637,2013-11-05 12:36:24 PM
397777000347496448,marthachavezk36,-12.09785289,-77.00190171,2013-11-05 12:26:41 PM
397558044198195200,marthachavezk36,-12.09391376,-76.99657543,2013-11-04 09:56:38 PM
396767912507473922,marthachavezk36,-12.0937688,-76.99719221,2013-11-02 05:36:56 PM
396767036988469248,marthachavezk36,-12.09495263,-76.99992651,2013-11-02 05:33:27 PM
395952070093996032,marthachavezk36,-12.046738,-77.02248914,2013-10-31 11:35:04 AM
395950034518540288,marthachavezk36,-12.04782707,-77.02528334,2013-10-31 11:26:59 AM
395946364188000256,marthachavezk36,-12.04782137,-77.02526177,2013-10-31 11:12:24 AM
395674380120125441,marthachavezk36,-12.09400962,-76.99676576,2013-10-30 05:11:38 PM
395673774127054848,marthachavezk36,-12.0957803,-77.00027503,2013-10-30 05:09:13 PM
395603217352257536,marthachavezk36,-12.09570686,-76.99997218,2013-10-30 12:28:51 PM
395602876124639232,marthachavezk36,-12.09569274,-76.99994541,2013-10-30 12:27:30 PM
395601587894501376,marthachavezk36,-12.09570052,-76.99997284,2013-10-30 12:22:23 PM
395600921352470528,marthachavezk36,-12.09571317,-76.99999054,2013-10-30 12:19:44 PM
395596447451979776,marthachavezk36,-12.09586944,-77.00025131,2013-10-30 12:01:57 PM
395428370559037440,marthachavezk36,-12.09579534,-77.00016816,2013-10-30 12:54:04 AM
395428192020094976,marthachavezk36,-12.09589642,-77.00021356,2013-10-30 12:53:22 AM
395427773617291264,marthachavezk36,-12.09579367,-77.00017143,2013-10-30 12:51:42 AM
395426932671934465,marthachavezk36,-12.09579392,-77.00017042,2013-10-30 12:48:22 AM
395426189109911552,marthachavezk36,-12.09579358,-77.00015819,2013-10-30 12:45:24 AM
395425594613460992,marthachavezk36,-12.09579555,-77.00015634,2013-10-30 12:43:03 AM
395425134145986560,marthachavezk36,-12.09579555,-77.00015634,2013-10-30 12:41:13 AM
395425050280869888,marthachavezk36,-12.09578776,-77.00013212,2013-10-30 12:40:53 AM
395424122458869760,marthachavezk36,-12.09579111,-77.00011351,2013-10-30 12:37:12 AM
395423612817403904,marthachavezk36,-12.0958943,-77.00021056,2013-10-30 12:35:10 AM
395422843724632064,marthachavezk36,-12.09576911,-77.00001167,2013-10-30 12:32:07 AM
395422730629435392,marthachavezk36,-12.09576827,-77.00003916,2013-10-30 12:31:40 AM
395420884703649792,marthachavezk36,-12.09588531,-77.00019781,2013-10-30 12:24:20 AM
395316232343523328,marthachavezk36,-12.05096027,-77.02877197,2013-10-29 05:28:29 PM
395315338809970688,marthachavezk36,-12.04900526,-77.02736107,2013-10-29 05:24:56 PM
395291906596667392,marthachavezk36,-12.04814327,-77.02548739,2013-10-29 03:51:49 PM
395289339758120960,marthachavezk36,-12.048145,-77.0254913,2013-10-29 03:41:37 PM
395283468508471296,marthachavezk36,-12.04814435,-77.02548983,2013-10-29 03:18:17 PM
395282938830786560,marthachavezk36,-12.04813957,-77.02547955,2013-10-29 03:16:11 PM
395269955203379200,marthachavezk36,-12.04765664,-77.02520005,2013-10-29 02:24:35 PM
395269389723115520,marthachavezk36,-12.04765478,-77.02537227,2013-10-29 02:22:20 PM
395268699495866368,marthachavezk36,-12.04765878,-77.0253875,2013-10-29 02:19:36 PM
395058731807154176,marthachavezk36,-12.09531054,-77.00009942,2013-10-29 12:25:16 AM
395058543956852736,marthachavezk36,-12.09531054,-77.00009942,2013-10-29 12:24:31 AM
395058344282828800,marthachavezk36,-12.09531054,-77.00009942,2013-10-29 12:23:43 AM
395057977973276672,marthachavezk36,-12.09531054,-77.00009942,2013-10-29 12:22:16 AM
395057863649132545,marthachavezk36,-12.09531054,-77.00009942,2013-10-29 12:21:49 AM
395057141691990016,marthachavezk36,-12.09531054,-77.00009942,2013-10-29 12:18:57 AM
395056686110875648,marthachavezk36,-12.09381309,-76.997353,2013-10-29 12:17:08 AM
395055330021113857,marthachavezk36,-12.0947368,-77.00012287,2013-10-29 12:11:45 AM
395054875895422976,marthachavezk36,-12.09466544,-77.0001402,2013-10-29 12:09:56 AM
395053540567420928,marthachavezk36,-12.09420085,-76.99780331,2013-10-29 12:04:38 AM
395052584819785728,marthachavezk36,-12.09591373,-77.00023839,2013-10-29 12:00:50 AM
395051068364967936,marthachavezk36,-12.09588985,-77.00020508,2013-10-28 11:54:49 PM
395050249339015168,marthachavezk36,-12.09564773,-77.00026755,2013-10-28 11:51:33 PM
395049325975592960,marthachavezk36,-12.09589904,-77.00021731,2013-10-28 11:47:53 PM
395048737430835200,marthachavezk36,-12.09589797,-77.00021576,2013-10-28 11:45:33 PM
395048421062877184,marthachavezk36,-12.09589561,-77.00021238,2013-10-28 11:44:17 PM
395047702314385409,marthachavezk36,-12.09588312,-77.00019964,2013-10-28 11:41:26 PM
395047123743682560,marthachavezk36,-12.09584582,-77.00014085,2013-10-28 11:39:08 PM
395046466991190016,marthachavezk36,-12.09582818,-77.00011533,2013-10-28 11:36:31 PM
395046091672276992,marthachavezk36,-12.09568286,-77.00028542,2013-10-28 11:35:02 PM
395045067469365248,marthachavezk36,-12.09593125,-77.00020031,2013-10-28 11:30:58 PM
395044474898108416,marthachavezk36,-12.0957863,-77.00005463,2013-10-28 11:28:37 PM
395043478989975553,marthachavezk36,-12.09590306,-77.00021809,2013-10-28 11:24:39 PM
395042901102956544,marthachavezk36,-12.09581211,-77.00037226,2013-10-28 11:22:21 PM
395042169612148736,marthachavezk36,-12.09564052,-77.0003843,2013-10-28 11:19:27 PM
395040720903766016,marthachavezk36,-12.09588674,-77.00019993,2013-10-28 11:13:41 PM
395040273841274880,marthachavezk36,-12.09568321,-76.99989988,2013-10-28 11:11:55 PM
395039201777180672,marthachavezk36,-12.09578513,-77.00020356,2013-10-28 11:07:39 PM
395038732757532672,marthachavezk36,-12.09587543,-77.00018339,2013-10-28 11:05:48 PM
395037675545427968,marthachavezk36,-12.09589309,-77.00020876,2013-10-28 11:01:35 PM
395037501246959616,marthachavezk36,-12.09588797,-77.00020121,2013-10-28 11:00:54 PM
395037287916265472,marthachavezk36,-12.09588956,-77.00019412,2013-10-28 11:00:03 PM
395037287916265472,marthachavezk36,-12.09588956,-77.00019412,2013-10-28 11:00:03 PM
395036525391785984,marthachavezk36,-12.095906,-77.00022728,2013-10-28 10:57:01 PM
395035693036371968,marthachavezk36,-12.09580996,-77.00009128,2013-10-28 10:53:43 PM
395035073613148160,marthachavezk36,-12.09610133,-77.0001291,2013-10-28 10:51:15 PM
395032658377732096,marthachavezk36,-12.09589558,-77.00020898,2013-10-28 10:41:39 PM
395031965151526912,marthachavezk36,-12.09588819,-77.00020149,2013-10-28 10:38:54 PM
395031385544859648,marthachavezk36,-12.09589934,-77.00021065,2013-10-28 10:36:36 PM
395030919759015936,marthachavezk36,-12.09571572,-77.00049817,2013-10-28 10:34:45 PM
395030128641994752,marthachavezk36,-12.09588471,-77.00018673,2013-10-28 10:31:36 PM
395029593180372993,marthachavezk36,-12.09589785,-77.00021559,2013-10-28 10:29:28 PM
395029147573288960,marthachavezk36,-12.09589808,-77.00021585,2013-10-28 10:27:42 PM
395028547297095680,marthachavezk36,-12.09584496,-77.00022734,2013-10-28 10:25:19 PM
395027164019830784,marthachavezk36,-12.09586206,-77.00025064,2013-10-28 10:19:49 PM
395026567350743041,marthachavezk36,-12.09599103,-77.00045072,2013-10-28 10:17:27 PM
395022666077573120,marthachavezk36,-12.09588856,-77.0002024,2013-10-28 10:01:57 PM
395021862369243137,marthachavezk36,-12.09576743,-77.00013338,2013-10-28 09:58:45 PM
395020255107760129,marthachavezk36,-12.09593601,-77.00017888,2013-10-28 09:52:22 PM
395019673915633664,marthachavezk36,-12.09589869,-77.00021684,2013-10-28 09:50:04 PM
395019339310845952,marthachavezk36,-12.0958972,-77.00021477,2013-10-28 09:48:44 PM
395018611913658369,marthachavezk36,-12.09585322,-77.00007621,2013-10-28 09:45:50 PM
395017891781017600,marthachavezk36,-12.09587569,-77.00016867,2013-10-28 09:42:59 PM
394842146475614208,marthachavezk36,-12.08782663,-76.9963378,2013-10-28 10:04:38 AM
394841681323118592,marthachavezk36,-12.08790424,-76.99645799,2013-10-28 10:02:47 AM
394840209508298754,marthachavezk36,-12.08793882,-76.99648172,2013-10-28 09:56:56 AM
394839686990274561,marthachavezk36,-12.08793334,-76.99648924,2013-10-28 09:54:51 AM
394838530029273088,marthachavezk36,-12.08791552,-76.99645229,2013-10-28 09:50:15 AM
394838260666884096,marthachavezk36,-12.08790964,-76.99641198,2013-10-28 09:49:11 AM
394837850078081024,marthachavezk36,-12.0878872,-76.9964461,2013-10-28 09:47:33 AM
394837770252058624,marthachavezk36,-12.08788049,-76.9964361,2013-10-28 09:47:14 AM
394837702761529344,marthachavezk36,-12.08775852,-76.99634082,2013-10-28 09:46:58 AM
394837648906674176,marthachavezk36,-12.08790505,-76.99646102,2013-10-28 09:46:45 AM
394837485697900544,marthachavezk36,-12.08795614,-76.99647396,2013-10-28 09:46:06 AM
394837254176534528,marthachavezk36,-12.08799062,-76.99638182,2013-10-28 09:45:11 AM
394695254148124672,marthachavezk36,-12.0954633,-77.00010363,2013-10-28 12:20:56 AM
394695060425834496,marthachavezk36,-12.09372788,-76.99709938,2013-10-28 12:20:10 AM
394688997450317824,marthachavezk36,-12.09376932,-76.99698291,2013-10-27 11:56:04 PM
394687199213785088,marthachavezk36,-12.09421907,-76.99714696,2013-10-27 11:48:55 PM
394686909777465344,marthachavezk36,-12.09587808,-77.00025061,2013-10-27 11:47:46 PM
394686074213396480,marthachavezk36,-12.09585758,-77.00025794,2013-10-27 11:44:27 PM
394674588707479552,marthachavezk36,-12.09570861,-76.99998389,2013-10-27 10:58:49 PM
394635385529446401,marthachavezk36,-12.09596533,-77.00021331,2013-10-27 08:23:02 PM
394634926475456512,marthachavezk36,-12.09597086,-77.00022159,2013-10-27 08:21:13 PM
394600564493156352,marthachavezk36,-12.09565604,-76.99999449,2013-10-27 06:04:40 PM
394599594216423424,marthachavezk36,-12.0956164,-77.00032995,2013-10-27 06:00:49 PM
394598809214672896,marthachavezk36,-12.0946847,-76.99958478,2013-10-27 05:57:42 PM
393907841352097792,marthachavezk36,-12.10010649,-76.99457844,2013-10-25 08:12:02 PM
393906730461315072,marthachavezk36,-12.10029808,-76.9941405,2013-10-25 08:07:37 PM
393905938719334400,marthachavezk36,-12.09890159,-76.99491732,2013-10-25 08:04:28 PM
393905063917543424,marthachavezk36,-12.0929013,-76.99482835,2013-10-25 08:01:00 PM
393904205632917504,marthachavezk36,-12.09798394,-76.97337214,2013-10-25 07:57:35 PM
393892138393825280,marthachavezk36,-12.09228909,-76.97354195,2013-10-25 07:09:38 PM
393889504689684480,marthachavezk36,-12.09216984,-76.97337725,2013-10-25 06:59:10 PM
393889037091868672,marthachavezk36,-12.09228708,-76.97353635,2013-10-25 06:57:19 PM
393888895592828928,marthachavezk36,-12.09217147,-76.97337281,2013-10-25 06:56:45 PM
393888622585610240,marthachavezk36,-12.09228516,-76.97353363,2013-10-25 06:55:40 PM
393879910349291520,marthachavezk36,-12.09850576,-76.97594446,2013-10-25 06:21:03 PM
393879397226516481,marthachavezk36,-12.09872796,-76.97780524,2013-10-25 06:19:00 PM
393467076775780352,marthachavezk36,-12.09572251,-77.00012505,2013-10-24 03:00:36 PM
393466171758215168,marthachavezk36,-12.09580963,-77.00018434,2013-10-24 02:57:00 PM
393465279256469504,marthachavezk36,-12.09594618,-77.00020814,2013-10-24 02:53:27 PM
393463702022025216,marthachavezk36,-12.09600984,-77.00002257,2013-10-24 02:47:11 PM
393463366381223936,marthachavezk36,-12.09589723,-77.00021266,2013-10-24 02:45:51 PM
393463040735461377,marthachavezk36,-12.0955777,-77.00003706,2013-10-24 02:44:33 PM
393462616636801024,marthachavezk36,-12.09597289,-77.00002844,2013-10-24 02:42:52 PM
393462222984597504,marthachavezk36,-12.09591068,-77.00032298,2013-10-24 02:41:18 PM
393461699195719680,marthachavezk36,-12.09584719,-77.00018694,2013-10-24 02:39:13 PM
393461310262099968,marthachavezk36,-12.09588595,-77.00013849,2013-10-24 02:37:41 PM
393454768943030272,marthachavezk36,-12.09581106,-77.0001151,2013-10-24 02:11:41 PM
393454242775961601,marthachavezk36,-12.09581106,-77.00011552,2013-10-24 02:09:36 PM
393453999611195392,marthachavezk36,-12.09581031,-77.00011443,2013-10-24 02:08:38 PM
393453771617206273,marthachavezk36,-12.09427652,-76.99725292,2013-10-24 02:07:43 PM
393453348034465792,marthachavezk36,-12.09581253,-77.00012022,2013-10-24 02:06:02 PM
393452745749200898,marthachavezk36,-12.09581672,-77.00012852,2013-10-24 02:03:39 PM
393451515756969984,marthachavezk36,-12.09584294,-77.00010826,2013-10-24 01:58:46 PM
393450712371589120,marthachavezk36,-12.09582212,-77.0001348,2013-10-24 01:55:34 PM
393448827883388928,marthachavezk36,-12.09582317,-77.00012634,2013-10-24 01:48:05 PM
392779091512164352,marthachavezk36,-12.09168187,-77.01213156,2013-10-22 05:26:47 PM
392642639218368512,marthachavezk36,-12.08385327,-77.04924714,2013-10-22 08:24:34 AM
392642236426768385,marthachavezk36,-12.08367478,-77.0490474,2013-10-22 08:22:58 AM
392131885868273664,marthachavezk36,-12.09382609,-76.99684474,2013-10-20 10:35:01 PM
392131131665309696,marthachavezk36,-12.09577734,-77.00016744,2013-10-20 10:32:01 PM
392129476043489280,marthachavezk36,-12.0957627,-77.00030613,2013-10-20 10:25:27 PM
392129006545674240,marthachavezk36,-12.09397279,-76.99668216,2013-10-20 10:23:35 PM
392126630971572224,marthachavezk36,-12.09577611,-77.00018702,2013-10-20 10:14:08 PM
392125626972655617,marthachavezk36,-12.09590236,-77.00021737,2013-10-20 10:10:09 PM
392125281101946880,marthachavezk36,-12.09596738,-77.00012684,2013-10-20 10:08:47 PM
392124530128584704,marthachavezk36,-12.09589544,-77.00020489,2013-10-20 10:05:47 PM
392124211915145216,marthachavezk36,-12.09587091,-77.00015993,2013-10-20 10:04:32 PM
392123194385391617,marthachavezk36,-12.09586731,-77.00018407,2013-10-20 10:00:29 PM
392122556867969024,marthachavezk36,-12.09553446,-77.00026682,2013-10-20 09:57:57 PM
392119128271904768,marthachavezk36,-12.09590057,-77.00021949,2013-10-20 09:44:20 PM
392117648949264384,marthachavezk36,-12.09597727,-77.00026313,2013-10-20 09:38:27 PM
392116802639364097,marthachavezk36,-12.09598243,-77.00025458,2013-10-20 09:35:05 PM
392116070532022272,marthachavezk36,-12.09598512,-77.00024176,2013-10-20 09:32:11 PM
392115183168270337,marthachavezk36,-12.09602513,-77.00026556,2013-10-20 09:28:39 PM
392113102114013184,marthachavezk36,-12.09591288,-77.00023679,2013-10-20 09:20:23 PM
392112254394826752,marthachavezk36,-12.0958471,-77.00023606,2013-10-20 09:17:01 PM
392109226912677889,marthachavezk36,-12.09584882,-77.00016665,2013-10-20 09:04:59 PM
392106073739755520,marthachavezk36,-12.0959836,-77.00024377,2013-10-20 08:52:27 PM
392102682741448704,marthachavezk36,-12.09400926,-76.99675303,2013-10-20 08:38:59 PM
392102088144343040,marthachavezk36,-12.09591688,-77.00029311,2013-10-20 08:36:37 PM
391809805599649792,marthachavezk36,-12.0957539,-77.00019582,2013-10-20 01:15:11 AM
391809212655091712,marthachavezk36,-12.09572879,-77.00014347,2013-10-20 01:12:50 AM
391806381214691328,marthachavezk36,-12.09413177,-76.99701074,2013-10-20 01:01:35 AM
391805843253256192,marthachavezk36,-12.09568627,-77.00011221,2013-10-20 12:59:27 AM
391804336474697728,marthachavezk36,-12.09553739,-77.00003992,2013-10-20 12:53:27 AM
391803777927618560,marthachavezk36,-12.09541958,-76.99993079,2013-10-20 12:51:14 AM
391801006922944512,marthachavezk36,-12.09372822,-76.99709848,2013-10-20 12:40:14 AM
391756630913974272,marthachavezk36,-12.09557707,-77.00007343,2013-10-19 09:43:53 PM
390608063067357185,marthachavezk36,-12.09578629,-77.0002088,2013-10-16 05:39:54 PM
390607739086721024,marthachavezk36,-12.09400896,-76.99688288,2013-10-16 05:38:36 PM
390607192468242432,marthachavezk36,-12.09580741,-77.00023807,2013-10-16 05:36:26 PM
390603044750385152,marthachavezk36,-12.09590437,-77.00053734,2013-10-16 05:19:57 PM
390602917751037952,marthachavezk36,-12.09582719,-77.00034502,2013-10-16 05:19:27 PM
390602352719560704,marthachavezk36,-12.09579065,-77.00026288,2013-10-16 05:17:12 PM
390599528434638848,marthachavezk36,-12.09580205,-77.00017297,2013-10-16 05:05:59 PM
390598920524804096,marthachavezk36,-12.09448844,-76.99775961,2013-10-16 05:03:34 PM
390598564617150464,marthachavezk36,-12.09581777,-77.00020135,2013-10-16 05:02:09 PM
390598263147352064,marthachavezk36,-12.09408831,-76.99702731,2013-10-16 05:00:57 PM
390597064415272960,marthachavezk36,-12.09577761,-77.00015086,2013-10-16 04:56:11 PM
390596793572278273,marthachavezk36,-12.09394416,-76.9970749,2013-10-16 04:55:07 PM
390595938479517696,marthachavezk36,-12.09388971,-76.99665292,2013-10-16 04:51:43 PM
389902116506320896,marthachavezk36,-12.0749728,-77.03381847,2013-10-14 06:54:43 PM
389901537876926464,marthachavezk36,-12.07505781,-77.03373222,2013-10-14 06:52:25 PM
389777410495086592,marthachavezk36,-12.08790859,-76.99647127,2013-10-14 10:39:11 AM
389777097763590144,marthachavezk36,-12.08791243,-76.99650814,2013-10-14 10:37:56 AM
389776673052557312,marthachavezk36,-12.08783851,-76.9965181,2013-10-14 10:36:15 AM
389776122734735360,marthachavezk36,-12.08782896,-76.99649443,2013-10-14 10:34:04 AM
389775066915155968,marthachavezk36,-12.08789694,-76.99648891,2013-10-14 10:29:52 AM
389566224700817408,marthachavezk36,-12.08600191,-77.05413251,2013-10-13 08:40:00 PM
389563057464438784,marthachavezk36,-12.08593195,-77.0542944,2013-10-13 08:27:25 PM
389562272181665792,marthachavezk36,-12.08599243,-77.05412951,2013-10-13 08:24:18 PM
389561183747186688,marthachavezk36,-12.08599679,-77.05406904,2013-10-13 08:19:58 PM
389560727843131393,marthachavezk36,-12.08599098,-77.05420035,2013-10-13 08:18:09 PM
389558250070630400,marthachavezk36,-12.08600121,-77.05420937,2013-10-13 08:08:19 PM
389555683727015936,marthachavezk36,-12.08558742,-77.05403813,2013-10-13 07:58:07 PM
389555246294646784,marthachavezk36,-12.08599455,-77.05419529,2013-10-13 07:56:22 PM
388811056686333952,marthachavezk36,-12.09810977,-76.9958714,2013-10-11 06:39:14 PM
388810640233889792,marthachavezk36,-12.09584882,-77.00155268,2013-10-11 06:37:35 PM
388810369688674304,marthachavezk36,-12.09307565,-76.99764305,2013-10-11 06:36:30 PM
388809754812104704,marthachavezk36,-12.09635442,-76.98683725,2013-10-11 06:34:03 PM
388808974205992960,marthachavezk36,-12.09672079,-76.98177382,2013-10-11 06:30:57 PM
388808973144829952,marthachavezk36,-12.09062597,-76.98107142,2013-10-11 06:30:57 PM
388807898924863488,marthachavezk36,-12.08114379,-76.97820347,2013-10-11 06:26:41 PM
388807366801903616,marthachavezk36,-12.0797681,-76.97697041,2013-10-11 06:24:34 PM
388807131346247680,marthachavezk36,-12.07674152,-76.97534516,2013-10-11 06:23:38 PM
388806853402308608,marthachavezk36,-12.07170538,-76.97338949,2013-10-11 06:22:32 PM
388806559939444736,marthachavezk36,-12.06796244,-76.97196054,2013-10-11 06:21:22 PM
388806029804597248,marthachavezk36,-12.06682144,-76.96914318,2013-10-11 06:19:15 PM
388793576123289600,marthachavezk36,-12.04775514,-77.02534914,2013-10-11 05:29:46 PM
388793180868853761,marthachavezk36,-12.04775506,-77.02535933,2013-10-11 05:28:12 PM
388792955341131776,marthachavezk36,-12.04776308,-77.02531454,2013-10-11 05:27:18 PM
388792434920259584,marthachavezk36,-12.04775092,-77.0253677,2013-10-11 05:25:14 PM
388789060783067136,marthachavezk36,-12.04776277,-77.02531793,2013-10-11 05:11:50 PM
388787178429747200,marthachavezk36,-12.04776905,-77.02538507,2013-10-11 05:04:21 PM
388785592706019328,marthachavezk36,-12.04775994,-77.02534705,2013-10-11 04:58:03 PM
388785092703027201,marthachavezk36,-12.04776757,-77.0253482,2013-10-11 04:56:04 PM
388781679047098368,marthachavezk36,-12.04775367,-77.02531499,2013-10-11 04:42:30 PM
388780482298908672,marthachavezk36,-12.04775576,-77.02532159,2013-10-11 04:37:44 PM
388777151803449344,marthachavezk36,-12.04776681,-77.02536942,2013-10-11 04:24:30 PM
388775538967711744,marthachavezk36,-12.04775086,-77.02534692,2013-10-11 04:18:06 PM
388775210645983232,marthachavezk36,-12.04776302,-77.02535595,2013-10-11 04:16:47 PM
388774591755456512,marthachavezk36,-12.04774337,-77.02535835,2013-10-11 04:14:20 PM
388774378592567296,marthachavezk36,-12.04775492,-77.02533792,2013-10-11 04:13:29 PM
388773621000593408,marthachavezk36,-12.04775057,-77.02532712,2013-10-11 04:10:28 PM
388768173031718912,marthachavezk36,-12.04814491,-77.02471184,2013-10-11 03:48:50 PM
388767496079425537,marthachavezk36,-12.0481426,-77.02470815,2013-10-11 03:46:08 PM
388763989184090112,marthachavezk36,-12.04806789,-77.02471214,2013-10-11 03:32:12 PM
388763256623726592,marthachavezk36,-12.04814321,-77.02470909,2013-10-11 03:29:17 PM
388760581798637568,marthachavezk36,-12.04814172,-77.02470641,2013-10-11 03:18:40 PM
388759038827442176,marthachavezk36,-12.04814445,-77.02471176,2013-10-11 03:12:32 PM
388753254399901696,marthachavezk36,-12.04776676,-77.02528453,2013-10-11 02:49:33 PM
388752906247471104,marthachavezk36,-12.04776208,-77.0253263,2013-10-11 02:48:10 PM
388750163554336768,marthachavezk36,-12.04776449,-77.02535999,2013-10-11 02:37:16 PM
388749593737183233,marthachavezk36,-12.04774396,-77.02536169,2013-10-11 02:35:00 PM
388741783901192192,marthachavezk36,-12.04775721,-77.02529926,2013-10-11 02:03:58 PM
388741251493003264,marthachavezk36,-12.04776411,-77.02539107,2013-10-11 02:01:51 PM
388741016708476929,marthachavezk36,-12.04776455,-77.02535617,2013-10-11 02:00:55 PM
388731113843478529,marthachavezk36,-12.04776099,-77.02535217,2013-10-11 01:21:34 PM
388730622916976642,marthachavezk36,-12.04776027,-77.02538167,2013-10-11 01:19:37 PM
388730374333136896,marthachavezk36,-12.04776134,-77.02537461,2013-10-11 01:18:38 PM
388720797122301952,marthachavezk36,-12.04753401,-77.0250609,2013-10-11 12:40:34 PM
388720134380335104,marthachavezk36,-12.04766457,-77.02509125,2013-10-11 12:37:56 PM
388716755285450752,marthachavezk36,-12.04765567,-77.0251007,2013-10-11 12:24:31 PM
388716219081433090,marthachavezk36,-12.04763667,-77.02503988,2013-10-11 12:22:23 PM
388692137602478080,marthachavezk36,-12.07071992,-77.02868138,2013-10-11 10:46:41 AM
388690968914165760,marthachavezk36,-12.07392611,-77.01631157,2013-10-11 10:42:03 AM
388690295980032000,marthachavezk36,-12.08403084,-77.01235872,2013-10-11 10:39:22 AM
388689339649372160,marthachavezk36,-12.08370634,-77.00188317,2013-10-11 10:35:34 AM
388686870148055040,marthachavezk36,-12.08944583,-76.99622277,2013-10-11 10:25:45 AM
387752478210818048,marthachavezk36,-12.0959834,-77.00023722,2013-10-08 08:32:49 PM
387748137173286913,marthachavezk36,-12.09591758,-77.00012878,2013-10-08 08:15:34 PM
387747805739364353,marthachavezk36,-12.09595059,-77.00019358,2013-10-08 08:14:15 PM
387746929113059328,marthachavezk36,-12.0958512,-77.000061,2013-10-08 08:10:46 PM
387745936942059520,marthachavezk36,-12.09596286,-77.00021,2013-10-08 08:06:49 PM
387745503909531649,marthachavezk36,-12.09597001,-77.0002203,2013-10-08 08:05:06 PM
387745179064860672,marthachavezk36,-12.09596933,-77.00021963,2013-10-08 08:03:49 PM
387744430188687360,marthachavezk36,-12.09597591,-77.0002271,2013-10-08 08:00:50 PM
387743901882523648,marthachavezk36,-12.09597019,-77.00021325,2013-10-08 07:58:44 PM
387743509366992896,marthachavezk36,-12.09585501,-77.00052729,2013-10-08 07:57:11 PM
387742976228986880,marthachavezk36,-12.09571479,-77.0006119,2013-10-08 07:55:04 PM
387742528512212992,marthachavezk36,-12.09593687,-77.00028274,2013-10-08 07:53:17 PM
387741627382784000,marthachavezk36,-12.09607523,-77.0001678,2013-10-08 07:49:42 PM
387737373158940672,marthachavezk36,-12.09595992,-77.000269,2013-10-08 07:32:48 PM
387736574622195712,marthachavezk36,-12.09583866,-77.00020894,2013-10-08 07:29:37 PM
387735498862915586,marthachavezk36,-12.09597359,-77.00021782,2013-10-08 07:25:21 PM
387644293974093824,marthachavezk36,-12.09580762,-77.00030613,2013-10-08 01:22:56 PM
387643524646453248,marthachavezk36,-12.09576391,-77.00026061,2013-10-08 01:19:53 PM
387642717477797888,marthachavezk36,-12.09597677,-77.00020968,2013-10-08 01:16:40 PM
387640456416612352,marthachavezk36,-12.09401562,-76.99773049,2013-10-08 01:07:41 PM
387639970015768576,marthachavezk36,-12.09566085,-76.9999271,2013-10-08 01:05:45 PM
387638350020354048,marthachavezk36,-12.09400659,-76.9977193,2013-10-08 12:59:19 PM
387638215035060224,marthachavezk36,-12.09401007,-76.99771625,2013-10-08 12:58:47 PM
387637925829414912,marthachavezk36,-12.09414265,-76.99760399,2013-10-08 12:57:38 PM
387637473188524032,marthachavezk36,-12.09445028,-76.99770999,2013-10-08 12:55:50 PM
387636707287654400,marthachavezk36,-12.09578683,-77.00039853,2013-10-08 12:52:47 PM
387636048064679936,marthachavezk36,-12.09564656,-77.00065046,2013-10-08 12:50:10 PM
387635533813645313,marthachavezk36,-12.094874,-76.99897401,2013-10-08 12:48:07 PM
387635279152312320,marthachavezk36,-12.09556241,-77.00086746,2013-10-08 12:47:07 PM
387634196610830336,marthachavezk36,-12.09572123,-77.00000772,2013-10-08 12:42:49 PM
387633878112165888,marthachavezk36,-12.09570762,-76.99998954,2013-10-08 12:41:33 PM
387633364389593088,marthachavezk36,-12.09560296,-76.99978896,2013-10-08 12:39:30 PM
387632266132094976,marthachavezk36,-12.09400226,-76.99770882,2013-10-08 12:35:08 PM
387631000416964608,marthachavezk36,-12.0955566,-76.99967906,2013-10-08 12:30:06 PM
387630726050746368,marthachavezk36,-12.09537834,-77.00154514,2013-10-08 12:29:01 PM
387629588748460032,marthachavezk36,-12.09562477,-77.0000899,2013-10-08 12:24:30 PM
387629116335620097,marthachavezk36,-12.09566639,-77.00037017,2013-10-08 12:22:37 PM
387627806148288512,marthachavezk36,-12.09586634,-77.00015383,2013-10-08 12:17:25 PM
387626034419761152,marthachavezk36,-12.09587113,-76.99983705,2013-10-08 12:10:23 PM
386561154275086336,marthachavezk36,-12.12433964,-76.98409721,2013-10-05 01:38:55 PM
386560265434984449,marthachavezk36,-12.12439596,-76.98416351,2013-10-05 01:35:23 PM
386559650822619136,marthachavezk36,-12.12433792,-76.98409579,2013-10-05 01:32:57 PM
385812005355261952,marthachavezk36,-12.04774404,-77.02534146,2013-10-03 12:02:04 PM
385513527953616897,marthachavezk36,-12.09644879,-77.00231545,2013-10-02 04:16:02 PM
385511416591302657,marthachavezk36,-12.09296558,-76.9941182,2013-10-02 04:07:38 PM
385509686579318784,marthachavezk36,-12.0953814,-76.98051763,2013-10-02 04:00:46 PM
385509294319628289,marthachavezk36,-12.0746963,-76.97471827,2013-10-02 03:59:12 PM
385508645787942912,marthachavezk36,-12.07494498,-76.97178042,2013-10-02 03:56:38 PM
385507758248038400,marthachavezk36,-12.06600074,-76.96752962,2013-10-02 03:53:06 PM
385506934998437889,marthachavezk36,-12.06369483,-76.96354084,2013-10-02 03:49:50 PM
385474040129150976,marthachavezk36,-12.03789601,-76.91651551,2013-10-02 01:39:07 PM
385472096270557184,marthachavezk36,-12.03021227,-76.92498224,2013-10-02 01:31:24 PM
385471196118396928,marthachavezk36,-12.0569142,-76.94112667,2013-10-02 01:27:49 PM
385190659839492096,marthachavezk36,-12.09578818,-77.00018702,2013-10-01 06:53:04 PM
385190151129141248,marthachavezk36,-12.09466242,-76.99871147,2013-10-01 06:51:03 PM
385189871012564992,marthachavezk36,-12.09578679,-77.00018719,2013-10-01 06:49:56 PM
385189582717083648,marthachavezk36,-12.09576328,-77.00009407,2013-10-01 06:48:47 PM
385176679209250816,marthachavezk36,-12.09524896,-77.00054095,2013-10-01 05:57:31 PM
385176183891329024,marthachavezk36,-12.09490292,-76.9988845,2013-10-01 05:55:33 PM
385093102702428161,marthachavezk36,-12.0958748,-77.00014075,2013-10-01 12:25:25 PM
385092437225779200,marthachavezk36,-12.09587447,-77.00014067,2013-10-01 12:22:46 PM
385091837624856576,marthachavezk36,-12.09588063,-77.00015056,2013-10-01 12:20:23 PM
385091708222210048,marthachavezk36,-12.09588063,-77.00015056,2013-10-01 12:19:52 PM
385091631705489409,marthachavezk36,-12.09588109,-77.00014994,2013-10-01 12:19:34 PM
385091111263694848,marthachavezk36,-12.09586198,-77.00015182,2013-10-01 12:17:30 PM
385090615429844992,marthachavezk36,-12.09585854,-77.00014749,2013-10-01 12:15:32 PM
385090230568910848,marthachavezk36,-12.09588645,-77.00011913,2013-10-01 12:14:00 PM
385090096288251904,marthachavezk36,-12.09588645,-77.00011913,2013-10-01 12:13:28 PM
385089795594399745,marthachavezk36,-12.09591365,-77.00010337,2013-10-01 12:12:16 PM
385089716078780416,marthachavezk36,-12.09591365,-77.00010337,2013-10-01 12:11:57 PM
385089513582002176,marthachavezk36,-12.0945165,-76.99770691,2013-10-01 12:11:09 PM
384345462251462656,marthachavezk36,-12.09411156,-76.99771708,2013-09-29 10:54:33 AM
384337115410333696,marthachavezk36,-12.09466964,-76.9990334,2013-09-29 10:21:23 AM
384336715458310145,marthachavezk36,-12.09595952,-77.00273196,2013-09-29 10:19:48 AM
384336258509836288,marthachavezk36,-12.09435686,-76.99788924,2013-09-29 10:17:59 AM
384147241763880960,marthachavezk36,-12.09622199,-77.00017375,2013-09-28 09:46:54 PM
384145509675716608,marthachavezk36,-12.09392342,-76.99764803,2013-09-28 09:40:01 PM
384136055123107840,marthachavezk36,-12.09446322,-76.99809016,2013-09-28 09:02:27 PM
384135428510842880,marthachavezk36,-12.09577338,-77.00026581,2013-09-28 08:59:57 PM
383689504907100160,marthachavezk36,-12.09651568,-77.00311163,2013-09-27 03:28:01 PM
383688897433452544,marthachavezk36,-12.09186444,-77.01385329,2013-09-27 03:25:36 PM
383406051930157056,marthachavezk36,-12.09583421,-77.00018888,2013-09-26 08:41:40 PM
383405386826788864,marthachavezk36,-12.09569409,-76.99997956,2013-09-26 08:39:02 PM
383405041979523073,marthachavezk36,-12.09580834,-77.0001892,2013-09-26 08:37:39 PM
383404421797134336,marthachavezk36,-12.0958365,-77.000197,2013-09-26 08:35:12 PM
383402989035479040,marthachavezk36,-12.09587501,-77.00021761,2013-09-26 08:29:30 PM
383402246467493888,marthachavezk36,-12.09588658,-77.00023052,2013-09-26 08:26:33 PM
383398238109581312,marthachavezk36,-12.09596393,-77.00017664,2013-09-26 08:10:37 PM
383398070157082625,marthachavezk36,-12.09602354,-77.00022348,2013-09-26 08:09:57 PM
383397410795708416,marthachavezk36,-12.09409452,-76.99767585,2013-09-26 08:07:20 PM
382700403152130048,marthachavezk36,-12.09561141,-76.99998141,2013-09-24 09:57:41 PM
382697966643195905,marthachavezk36,-12.0960719,-77.00022072,2013-09-24 09:48:00 PM
382689809447522304,marthachavezk36,-12.0944676,-76.99788515,2013-09-24 09:15:35 PM
382681026612703232,marthachavezk36,-12.09682376,-77.01058812,2013-09-24 08:40:41 PM
382626435158278144,marthachavezk36,-12.12248479,-77.0323975,2013-09-24 05:03:45 PM
382625768322629632,marthachavezk36,-12.12118564,-77.03261769,2013-09-24 05:01:06 PM
382625276439855104,marthachavezk36,-12.11947905,-77.03692562,2013-09-24 04:59:09 PM
382624043498999808,marthachavezk36,-12.11348091,-77.03695558,2013-09-24 04:54:15 PM
382307960187535361,marthachavezk36,-12.08789832,-76.99643155,2013-09-23 07:58:15 PM
382306857542778880,marthachavezk36,-12.08791146,-76.99639816,2013-09-23 07:53:52 PM
382304838908125184,marthachavezk36,-12.08779173,-76.99637388,2013-09-23 07:45:51 PM
382304049141673984,marthachavezk36,-12.08790892,-76.99640248,2013-09-23 07:42:42 PM
382303376094285824,marthachavezk36,-12.08785767,-76.99636436,2013-09-23 07:40:02 PM
382302766330568704,marthachavezk36,-12.08777458,-76.99637825,2013-09-23 07:37:36 PM
382302123670917120,marthachavezk36,-12.08790454,-76.99643821,2013-09-23 07:35:03 PM
382301089632362496,marthachavezk36,-12.08790747,-76.99637795,2013-09-23 07:30:57 PM
382300699109130241,marthachavezk36,-12.09071887,-76.99533814,2013-09-23 07:29:24 PM
381573244954083328,marthachavezk36,-12.07818497,-77.08584119,2013-09-21 07:18:45 PM
381572529124806656,marthachavezk36,-12.07817482,-77.08617596,2013-09-21 07:15:54 PM
381572306264653824,marthachavezk36,-12.07815097,-77.08730252,2013-09-21 07:15:01 PM
381572194964602880,marthachavezk36,-12.07809205,-77.08904031,2013-09-21 07:14:35 PM
381571782723248128,marthachavezk36,-12.0727438,-77.09917112,2013-09-21 07:12:56 PM
381570633475555328,marthachavezk36,-12.06205835,-77.09723161,2013-09-21 07:08:22 PM
381570055886356480,marthachavezk36,-12.04901556,-77.09852653,2013-09-21 07:06:05 PM
381540672400277504,marthachavezk36,-8.08556026,-79.10850393,2013-09-21 05:09:19 PM
381539412058058752,marthachavezk36,-8.08555528,-79.10788541,2013-09-21 05:04:19 PM
381538843801161728,marthachavezk36,-8.08554963,-79.10835346,2013-09-21 05:02:03 PM
381536721936347136,marthachavezk36,-8.08569515,-79.10805425,2013-09-21 04:53:37 PM
381280732775464960,marthachavezk36,-8.12254045,-79.036028,2013-09-20 11:56:25 PM
381277111904141312,marthachavezk36,-8.1225001,-79.03600881,2013-09-20 11:42:01 PM
381276560898396160,marthachavezk36,-8.12254052,-79.03602734,2013-09-20 11:39:50 PM
381276026342735872,marthachavezk36,-8.12250474,-79.0360126,2013-09-20 11:37:43 PM
381275652609290240,marthachavezk36,-8.12254039,-79.0360288,2013-09-20 11:36:14 PM
381273167496773632,marthachavezk36,-8.12257231,-79.03602838,2013-09-20 11:26:21 PM
381273033979469824,marthachavezk36,-8.12255134,-79.03601828,2013-09-20 11:25:49 PM
381272911182831616,marthachavezk36,-8.12255028,-79.03602163,2013-09-20 11:25:20 PM
381265719599828992,marthachavezk36,-8.10000724,-79.01924576,2013-09-20 10:56:45 PM
381241203184132096,marthachavezk36,-8.10856055,-79.04268617,2013-09-20 09:19:20 PM
381201672414167040,marthachavezk36,-8.1247618,-79.03884214,2013-09-20 06:42:15 PM
381200716981100544,marthachavezk36,-8.12469615,-79.03896019,2013-09-20 06:38:27 PM
381200593895043072,marthachavezk36,-8.12290769,-79.03745435,2013-09-20 06:37:58 PM
381152131459596288,marthachavezk36,-12.02661024,-77.11032365,2013-09-20 03:25:24 PM
381146564594761728,marthachavezk36,-12.02335204,-77.10897258,2013-09-20 03:03:17 PM
381139497855246337,marthachavezk36,-12.02223266,-77.10689301,2013-09-20 02:35:12 PM
381138102028615680,marthachavezk36,-12.05858925,-77.09750893,2013-09-20 02:29:39 PM
381134906447101952,marthachavezk36,-12.08475185,-77.06602962,2013-09-20 02:16:57 PM
381133805706559488,marthachavezk36,-12.09147946,-77.05599717,2013-09-20 02:12:35 PM
381132079465263104,marthachavezk36,-12.09436623,-77.04788039,2013-09-20 02:05:43 PM
381131658252263424,marthachavezk36,-12.09284542,-77.03790274,2013-09-20 02:04:03 PM
381131181154373632,marthachavezk36,-12.09193606,-77.03150106,2013-09-20 02:02:09 PM
381130527803469824,marthachavezk36,-12.08852527,-77.00644192,2013-09-20 01:59:33 PM
